surname,name,patronymic,group,subject,teacher,grade,price,statusЧураков,Валерий,Вячеславович,932320,Programming,Fedorov,3,500.0,PAID
Чураков,Валерий,Вячеславович,932320,Programming,Fedorov,4,750.0,FAILED
Чураков,Валерий,Вячеславович,932320,Programming,Fedorov,5,1000.0,FAILED
Чураков,Валерий,Вячеславович,932320,Programming,Fedorov,4,750.0,ОШИБКА ОПЛАТЫ — Банк отклонил транзакцию
Чураков,Валерий,Вячеславович,932320,Philosophy,Denisov,4,750.0,ОПЛАЧЕНО
Чураков,Валерий,Вячеславович,932320,Programming,Nikitin,4,750.0,ОШИБКА ОПЛАТЫ — Номер карты должен содержать 16 цифр
Чураков,Валерий,Вячеславович,932320,Databases,Karpov,3,500.0,ОПЛАЧЕНО
Чураков,Валерий,Вячеславович,932320,Programming,Fedorov,5,1000.0,ОПЛАЧЕНО
Чураков,Валерий,Вячеславович,932320,Базы данных,Карпов,3,500.0,ОПЛАЧЕНО
Чураков,Валерий,Вячеславович,932320,Базы данных,Карпов,4,750.0,ОШИБКА ОПЛАТЫ — Номер карты должен содержать 16 цифр
